districtId,state,event,alerts_total
200,AK,Ashfall Advisory,2
200,AK,Blizzard Warning,102
200,AK,Coastal Flood,37
200,AK,Dense Fog,164
200,AK,Dense Smoke,88
200,AK,Fire Weather,11
200,AK,Flood Advisory,62
200,AK,Flood Statement,5
200,AK,Flood Warning,23
200,AK,Flood Watch,38
200,AK,Frost Advisory,4
200,AK,High Surf,52
200,AK,High Wind,177
200,AK,Red Flag,59
200,AK,Severe Thunderstorm,12
200,AK,Severe Weather,7
200,AK,Special Weather,2
200,AK,Tsunami Warning,3
200,AK,Wind Advisory,169
200,AK,Wind Chill,124
200,AK,Winter Storm,394
200,AK,Winter Weather,873
100,AL,Coastal Flood,23
100,AL,Dense Fog,193
100,AL,Excessive Heat,43
100,AL,Flash Flood,238
100,AL,Flood Advisory,288
102,AL,Flood Statement,5
100,AL,Flood Warning,1408
100,AL,Flood Watch,22
100,AL,Freeze Warning,57
100,AL,Freeze Watch,11
100,AL,Freezing Fog,13
100,AL,Frost Advisory,8
100,AL,Heat Advisory,360
100,AL,High Surf,66
100,AL,Rip Current,305
100,AL,Severe Thunderstorm,1055
100,AL,Severe Weather,828
100,AL,Tornado Warning,266
100,AL,Tornado Watch,109
100,AL,Wind Advisory,101
100,AL,Winter Storm,12
100,AL,Winter Weather,11
501,AR,Dense Fog,229
501,AR,Excessive Heat,143
501,AR,Flash Flood,857
500,AR,Flood Advisory,636
501,AR,Flood Statement,15
501,AR,Flood Warning,4475
501,AR,Flood Watch,36
501,AR,Freeze Warning,117
501,AR,Freeze Watch,28
501,AR,Freezing Fog,8
501,AR,Frost Advisory,51
501,AR,Heat Advisory,555
501,AR,Ice Storm,3
504,AR,Lake Wind,78
501,AR,Severe Thunderstorm,1573
501,AR,Severe Weather,957
501,AR,Tornado Warning,180
501,AR,Tornado Watch,149
501,AR,Wind Advisory,228
501,AR,Wind Chill,23
501,AR,Winter Storm,4
501,AR,Winter Weather,218
400,AZ,Blowing Dust,16
400,AZ,Dense Fog,37
400,AZ,Dust Advisory,234
401,AZ,Dust Storm,170
400,AZ,Excessive Heat,390
400,AZ,Fire Weather,21
400,AZ,Flash Flood,1265
401,AZ,Flood Advisory,1307
401,AZ,Flood Statement,27
401,AZ,Flood Warning,170
400,AZ,Flood Watch,19
400,AZ,Freeze Warning,57
400,AZ,Freeze Watch,31
400,AZ,Hard Freeze,85
400,AZ,Heat Advisory,7
400,AZ,High Wind,17
400,AZ,Lake Wind,46
400,AZ,Red Flag,101
401,AZ,Severe Thunderstorm,1562
401,AZ,Severe Weather,968
401,AZ,Snow Squall,3
400,AZ,Special Weather,4
401,AZ,Tornado Warning,8
400,AZ,Wind Advisory,226
400,AZ,Winter Storm,119
400,AZ,Winter Weather,196
600,CA,Beach Hazards,368
600,CA,Blizzard Warning,31
600,CA,Blowing Dust,7
600,CA,Coastal Flood,155
600,CA,Dense Fog,122
600,CA,Dense Smoke,3
636,CA,Dust Advisory,17
608,CA,Dust Storm,52
600,CA,Excessive Heat,509
600,CA,Fire Weather,77
600,CA,Flash Flood,1538
601,CA,Flood Advisory,2767
601,CA,Flood Warning,531
600,CA,Flood Watch,157
600,CA,Freeze Warning,191
600,CA,Freeze Watch,85
600,CA,Freezing Fog,15
600,CA,Frost Advisory,186
600,CA,Hard Freeze,62
600,CA,Heat Advisory,373
600,CA,High Surf,530
600,CA,High Wind,383
600,CA,Lake Wind,123
600,CA,Red Flag,207
601,CA,Severe Thunderstorm,394
601,CA,Severe Weather,287
601,CA,Tornado Warning,72
600,CA,Wind Advisory,1481
600,CA,Winter Storm,838
600,CA,Winter Weather,730
800,CO,Blizzard Warning,84
800,CO,Blowing Dust,1
800,CO,Dense Fog,115
800,CO,Fire Weather,83
800,CO,Flash Flood,388
801,CO,Flood Advisory,747
802,CO,Flood Statement,7
802,CO,Flood Warning,117
800,CO,Flood Watch,35
800,CO,Freeze Warning,102
800,CO,Freeze Watch,41
800,CO,Frost Advisory,62
800,CO,Hard Freeze,2
800,CO,High Wind,142
800,CO,Red Flag,210
801,CO,Severe Thunderstorm,1995
801,CO,Severe Weather,1309
800,CO,Special Weather,1
801,CO,Tornado Warning,218
801,CO,Tornado Watch,38
800,CO,Wind Advisory,23
800,CO,Wind Chill,36
800,CO,Winter Storm,560
800,CO,Winter Weather,865
900,CT,Coastal Flood,100
900,CT,Dense Fog,48
900,CT,Excessive Heat,59
900,CT,Fire Weather,9
900,CT,Flash Flood,120
900,CT,Flood Advisory,188
901,CT,Flood Statement,6
901,CT,Flood Warning,484
900,CT,Flood Watch,85
900,CT,Freeze Warning,8
900,CT,Freeze Watch,4
900,CT,Frost Advisory,26
900,CT,Heat Advisory,63
900,CT,High Wind,42
900,CT,Red Flag,15
901,CT,Severe Thunderstorm,366
901,CT,Severe Weather,196
901,CT,Snow Squall,47
901,CT,Special Weather,3
901,CT,Tornado Warning,34
901,CT,Tornado Watch,5
900,CT,Wind Advisory,193
900,CT,Wind Chill,77
900,CT,Winter Storm,144
900,CT,Winter Weather,321
1100,DC,Coastal Flood,265
1100,DC,Dense Fog,8
1100,DC,Excessive Heat,17
1100,DC,Flash Flood,47
1100,DC,Flood Advisory,3
1100,DC,Flood Warning,21
1100,DC,Flood Watch,42
1100,DC,Frost Advisory,10
1100,DC,Heat Advisory,5
1100,DC,High Wind,1
1100,DC,Red Flag,3
1100,DC,Severe Thunderstorm,90
1100,DC,Severe Weather,37
1100,DC,Tornado Warning,1
1100,DC,Tornado Watch,10
1100,DC,Wind Advisory,40
1100,DC,Wind Chill,13
1100,DC,Winter Storm,19
1100,DC,Winter Weather,48
1000,DE,Coastal Flood,103
1000,DE,Dense Fog,26
1000,DE,Excessive Heat,33
1000,DE,Fire Weather,1
1000,DE,Flash Flood,73
1000,DE,Flood Advisory,94
1000,DE,Flood Statement,5
1000,DE,Flood Warning,20
1000,DE,Flood Watch,28
1000,DE,Freeze Warning,3
1000,DE,Freezing Fog,6
1000,DE,Frost Advisory,7
1000,DE,Heat Advisory,30
1000,DE,High Surf,7
1000,DE,High Wind,9
1000,DE,Red Flag,4
1000,DE,Rip Current,41
1000,DE,Severe Thunderstorm,282
1000,DE,Severe Weather,135
1000,DE,Snow Squall,1
1000,DE,Special Weather,3
1000,DE,Tornado Warning,8
1000,DE,Tornado Watch,10
1000,DE,Wind Advisory,38
1000,DE,Wind Chill,12
1000,DE,Winter Storm,14
1000,DE,Winter Weather,50
1200,FL,Beach Hazards,70
1200,FL,Coastal Flood,345
1200,FL,Dense Fog,211
1200,FL,Dense Smoke,7
1200,FL,Excessive Heat,2
1200,FL,Fire Weather,2
1200,FL,Flash Flood,178
1200,FL,Flood Advisory,1291
1201,FL,Flood Statement,65
1200,FL,Flood Warning,1675
1200,FL,Flood Watch,112
1200,FL,Freeze Warning,48
1200,FL,Freeze Watch,25
1200,FL,Frost Advisory,21
1200,FL,Heat Advisory,227
1200,FL,High Surf,246
1200,FL,Hurricane Local,21
1200,FL,Hurricane Warning,49
1200,FL,Hurricane Watch,30
1200,FL,Lake Wind,25
1200,FL,Red Flag,5
1200,FL,Rip Current,1080
1200,FL,Severe Thunderstorm,1381
1200,FL,Severe Weather,951
1200,FL,Special Weather,1
1200,FL,Storm Surge,64
1200,FL,Tornado Warning,169
1200,FL,Tornado Watch,73
1200,FL,Tropical Storm,203
1200,FL,Wind Advisory,102
1200,FL,Wind Chill,3
1300,GA,Coastal Flood,150
1300,GA,Dense Fog,159
1300,GA,Dense Smoke,1
1300,GA,Flash Flood,281
1300,GA,Flood Advisory,228
1301,GA,Flood Statement,3
1300,GA,Flood Warning,2050
1300,GA,Flood Watch,66
1300,GA,Freeze Warning,88
1300,GA,Freeze Watch,21
1300,GA,Frost Advisory,44
1300,GA,Heat Advisory,322
1300,GA,High Surf,58
1300,GA,Hurricane Local,60
1302,GA,Hurricane Warning,7
1300,GA,Hurricane Watch,35
1300,GA,Lake Wind,60
1300,GA,Rip Current,149
1300,GA,Severe Thunderstorm,1883
1300,GA,Severe Weather,1048
1302,GA,Special Weather,10
1300,GA,Storm Surge,35
1300,GA,Tornado Warning,202
1300,GA,Tornado Watch,85
1300,GA,Tropical Storm,111
1300,GA,Wind Advisory,106
1300,GA,Wind Chill,7
1300,GA,Winter Storm,13
1300,GA,Winter Weather,40
1500,HI,Flash Flood,94
1500,HI,Flood Advisory,174
1500,HI,Flood Statement,3
1500,HI,High Surf,270
1500,HI,High Wind,32
1500,HI,Severe Thunderstorm,1
1500,HI,Severe Weather,1
1500,HI,Wind Advisory,98
1500,HI,Winter Storm,15
1500,HI,Winter Weather,18
1901,IA,Blizzard Warning,165
1901,IA,Dense Fog,482
1901,IA,Excessive Heat,220
1901,IA,Flash Flood,568
1901,IA,Flood Advisory,416
1901,IA,Flood Statement,17
1901,IA,Flood Warning,3761
1901,IA,Flood Watch,345
1901,IA,Freeze Warning,115
1901,IA,Freeze Watch,33
1901,IA,Frost Advisory,24
1901,IA,Heat Advisory,137
1901,IA,High Wind,39
1901,IA,Hydrologic Outlook,4
1902,IA,Ice Storm,18
1901,IA,Severe Thunderstorm,1561
1901,IA,Severe Weather,1119
1901,IA,Tornado Warning,182
1901,IA,Tornado Watch,43
1901,IA,Wind Advisory,373
1901,IA,Wind Chill,639
1901,IA,Winter Storm,736
1901,IA,Winter Weather,1535
1601,ID,Air Stagnation,7
1600,ID,Dense Fog,31
1600,ID,Fire Weather,23
1600,ID,Flash Flood,24
1601,ID,Flood Advisory,164
1601,ID,Flood Warning,103
1600,ID,Flood Watch,44
1600,ID,Freeze Warning,25
1600,ID,Freeze Watch,3
1600,ID,Freezing Fog,4
1600,ID,Frost Advisory,3
1600,ID,Heat Advisory,10
1600,ID,High Wind,10
1600,ID,Lake Wind,36
1600,ID,Red Flag,109
1601,ID,Severe Thunderstorm,174
1601,ID,Severe Weather,113
1602,ID,Snow Squall,7
1601,ID,Tornado Warning,13
1600,ID,Wind Advisory,121
1600,ID,Wind Chill,24
1600,ID,Winter Storm,255
1600,ID,Winter Weather,506
1701,IL,Beach Hazards,339
1700,IL,Blizzard Warning,73
1700,IL,Dense Fog,699
1700,IL,Excessive Heat,397
1700,IL,Flash Flood,1160
1700,IL,Flood Advisory,2090
1700,IL,Flood Statement,87
1700,IL,Flood Warning,10965
1700,IL,Flood Watch,196
1700,IL,Freeze Warning,124
1700,IL,Freeze Watch,30
1700,IL,Frost Advisory,155
1706,IL,Heat Advisory,161
1700,IL,High Wind,233
1700,IL,Ice Storm,119
1712,IL,Lake Wind,32
1701,IL,Lakeshore Flood,236
1700,IL,Severe Thunderstorm,2991
1700,IL,Severe Weather,1936
1712,IL,Special Weather,3
1700,IL,Tornado Warning,414
1700,IL,Tornado Watch,174
1700,IL,Wind Advisory,830
1700,IL,Wind Chill,730
1700,IL,Winter Storm,697
1700,IL,Winter Weather,1894
1800,IN,Beach Hazards,157
1800,IN,Dense Fog,183
1800,IN,Excessive Heat,285
1800,IN,Flash Flood,524
1800,IN,Flood Advisory,537
1801,IN,Flood Statement,10
1800,IN,Flood Warning,2957
1801,IN,Flood Watch,247
1800,IN,Freeze Warning,61
1808,IN,Freeze Watch,2
1800,IN,Freezing Fog,32
1800,IN,Frost Advisory,119
1800,IN,Heat Advisory,22
1800,IN,High Wind,131
1801,IN,Ice Storm,36
1808,IN,Lake Wind,15
1800,IN,Lakeshore Flood,93
1800,IN,Severe Thunderstorm,1926
1800,IN,Severe Weather,1102
1806,IN,Snow Squall,1
1808,IN,Special Weather,2
1800,IN,Tornado Warning,250
1800,IN,Tornado Watch,152
1800,IN,Wind Advisory,556
1800,IN,Wind Chill,356
1800,IN,Winter Storm,256
1800,IN,Winter Weather,716
2001,KS,Blizzard Warning,130
2001,KS,Blowing Dust,1
2001,KS,Dense Fog,488
2001,KS,Excessive Heat,130
2001,KS,Fire Weather,14
2001,KS,Flash Flood,1128
2001,KS,Flood Advisory,195
2001,KS,Flood Statement,53
2001,KS,Flood Warning,5114
2001,KS,Flood Watch,51
2001,KS,Freeze Warning,146
2001,KS,Freeze Watch,40
2001,KS,Freezing Fog,2
2001,KS,Frost Advisory,61
2001,KS,Hard Freeze,3
2001,KS,Heat Advisory,266
2001,KS,High Wind,167
2002,KS,Ice Storm,25
2001,KS,Red Flag,18
2001,KS,Severe Thunderstorm,4479
2001,KS,Severe Weather,2917
2002,KS,Special Weather,2
2001,KS,Tornado Warning,390
2001,KS,Tornado Watch,164
2001,KS,Wind Advisory,257
2001,KS,Wind Chill,152
2001,KS,Winter Storm,200
2001,KS,Winter Weather,924
2101,KY,Dense Fog,195
2101,KY,Excessive Heat,131
2101,KY,Flash Flood,623
2101,KY,Flood Advisory,1061
2101,KY,Flood Statement,5
2101,KY,Flood Warning,1780
2101,KY,Flood Watch,349
2101,KY,Freeze Warning,150
2101,KY,Freeze Watch,22
2101,KY,Freezing Fog,12
2101,KY,Frost Advisory,92
2101,KY,Heat Advisory,42
2101,KY,High Wind,10
2104,KY,Ice Storm,2
2101,KY,Lake Wind,39
2101,KY,Severe Thunderstorm,1327
2101,KY,Severe Weather,760
2104,KY,Snow Squall,6
2101,KY,Special Weather,16
2101,KY,Tornado Warning,104
2101,KY,Tornado Watch,19
2101,KY,Wind Advisory,540
2101,KY,Wind Chill,133
2101,KY,Winter Storm,43
2101,KY,Winter Weather,608
2200,LA,Coastal Flood,102
2200,LA,Dense Fog,463
2200,LA,Excessive Heat,30
2200,LA,Flash Flood,961
2200,LA,Flood Advisory,333
2201,LA,Flood Statement,20
2200,LA,Flood Warning,6743
2200,LA,Flood Watch,8
2200,LA,Freeze Warning,176
2200,LA,Freeze Watch,28
2204,LA,Freezing Fog,10
2204,LA,Hard Freeze,6
2200,LA,Heat Advisory,539
2200,LA,High Wind,24
2200,LA,Hurricane Warning,45
2200,LA,Hurricane Watch,36
2200,LA,Lake Wind,129
2200,LA,Severe Thunderstorm,1225
2200,LA,Severe Weather,899
2200,LA,Storm Surge,79
2200,LA,Tornado Warning,492
2200,LA,Tornado Watch,237
2200,LA,Tropical Storm,117
2200,LA,Wind Advisory,251
2205,LA,Winter Storm,4
2200,LA,Winter Weather,38
2500,MA,Coastal Flood,292
2500,MA,Dense Fog,107
2500,MA,Excessive Heat,48
2500,MA,Fire Weather,11
2500,MA,Flash Flood,144
2500,MA,Flood Advisory,67
2501,MA,Flood Warning,565
2500,MA,Flood Watch,108
2500,MA,Freeze Warning,19
2500,MA,Freeze Watch,22
2500,MA,Frost Advisory,21
2500,MA,Heat Advisory,85
2500,MA,High Surf,25
2500,MA,High Wind,179
2500,MA,Red Flag,19
2500,MA,Rip Current,23
2501,MA,Severe Thunderstorm,1014
2501,MA,Severe Weather,602
2501,MA,Snow Squall,40
2500,MA,Special Weather,5
2501,MA,Tornado Warning,36
2509,MA,Tropical Storm,9
2500,MA,Wind Advisory,421
2500,MA,Wind Chill,98
2500,MA,Winter Storm,193
2500,MA,Winter Weather,455
2400,MD,Beach Hazards,142
2400,MD,Coastal Flood,1080
2400,MD,Dense Fog,55
2400,MD,Excessive Heat,171
2400,MD,Flash Flood,446
2400,MD,Flood Advisory,88
2401,MD,Flood Statement,2
2400,MD,Flood Warning,371
2400,MD,Flood Watch,131
2400,MD,Freeze Warning,10
2400,MD,Freeze Watch,2
2400,MD,Frost Advisory,28
2400,MD,Heat Advisory,96
2400,MD,High Surf,37
2400,MD,High Wind,37
2400,MD,Red Flag,7
2400,MD,Rip Current,137
2400,MD,Severe Thunderstorm,2853
2400,MD,Severe Weather,1685
2400,MD,Snow Squall,6
2400,MD,Special Weather,4
2400,MD,Tornado Warning,96
2400,MD,Tornado Watch,36
2400,MD,Tropical Storm,36
2400,MD,Wind Advisory,158
2400,MD,Wind Chill,75
2400,MD,Winter Storm,215
2400,MD,Winter Weather,289
2300,ME,Beach Hazards,111
2300,ME,Coastal Flood,109
2300,ME,Dense Fog,117
2300,ME,Excessive Heat,4
2300,ME,Flash Flood,24
2301,ME,Flood Advisory,114
2302,ME,Flood Statement,1
2301,ME,Flood Warning,157
2300,ME,Flood Watch,122
2300,ME,Freeze Warning,41
2300,ME,Freeze Watch,3
2300,ME,Frost Advisory,68
2300,ME,Heat Advisory,39
2300,ME,High Surf,67
2300,ME,High Wind,37
2300,ME,Red Flag,1
2300,ME,Rip Current,3
2301,ME,Severe Thunderstorm,189
2301,ME,Severe Weather,108
2301,ME,Snow Squall,30
2300,ME,Tropical Storm,7
2300,ME,Wind Advisory,189
2300,ME,Wind Chill,130
2300,ME,Winter Storm,396
2300,ME,Winter Weather,641
2600,MI,Beach Hazards,535
2600,MI,Blizzard Warning,39
2600,MI,Coastal Flood,3
2600,MI,Dense Fog,77
2601,MI,Excessive Heat,156
2601,MI,Flash Flood,59
2600,MI,Flood Advisory,430
2600,MI,Flood Statement,5
2600,MI,Flood Warning,586
2600,MI,Flood Watch,79
2600,MI,Freeze Warning,50
2600,MI,Freezing Fog,20
2600,MI,Frost Advisory,171
2601,MI,Heat Advisory,92
2600,MI,High Wind,31
2600,MI,Ice Storm,17
2600,MI,Lakeshore Flood,674
2600,MI,Red Flag,5
2600,MI,Severe Thunderstorm,1181
2600,MI,Severe Weather,819
2600,MI,Snow Squall,6
2601,MI,Special Weather,1
2600,MI,Tornado Warning,56
2606,MI,Tornado Watch,5
2600,MI,Wind Advisory,44
2600,MI,Wind Chill,133
2600,MI,Winter Storm,270
2600,MI,Winter Weather,634
2700,MN,Beach Hazards,29
2700,MN,Blizzard Warning,400
2700,MN,Dense Fog,565
2701,MN,Excessive Heat,93
2700,MN,Fire Weather,2
2700,MN,Flash Flood,269
2701,MN,Flood Advisory,39
2701,MN,Flood Statement,26
2700,MN,Flood Warning,3112
2700,MN,Flood Watch,189
2700,MN,Freeze Warning,37
2701,MN,Freeze Watch,2
2700,MN,Frost Advisory,125
2700,MN,Heat Advisory,167
2702,MN,Hydrologic Outlook,1
2701,MN,Ice Storm,5
2700,MN,Lakeshore Flood,10
2700,MN,Red Flag,12
2701,MN,Severe Thunderstorm,1890
2701,MN,Severe Weather,1090
2701,MN,Tornado Warning,206
2701,MN,Tornado Watch,40
2700,MN,Wind Advisory,203
2700,MN,Wind Chill,1568
2700,MN,Winter Storm,1266
2700,MN,Winter Weather,1884
2900,MO,Blizzard Warning,39
2900,MO,Dense Fog,493
2900,MO,Excessive Heat,255
2900,MO,Flash Flood,1239
2900,MO,Flood Advisory,425
2900,MO,Flood Statement,69
2900,MO,Flood Warning,10802
2903,MO,Flood Watch,120
2900,MO,Freeze Warning,98
2900,MO,Freeze Watch,15
2908,MO,Freezing Fog,4
2900,MO,Frost Advisory,109
2900,MO,Heat Advisory,334
2900,MO,High Wind,58
2900,MO,Ice Storm,36
2908,MO,Lake Wind,16
2903,MO,Red Flag,8
2900,MO,Severe Thunderstorm,3138
2900,MO,Severe Weather,1898
2900,MO,Special Weather,5
2900,MO,Tornado Warning,404
2900,MO,Tornado Watch,157
2900,MO,Wind Advisory,485
2900,MO,Wind Chill,223
2900,MO,Winter Storm,307
2900,MO,Winter Weather,1194
2804,MS,Coastal Flood,19
2801,MS,Dense Fog,308
2801,MS,Excessive Heat,59
2801,MS,Flash Flood,836
2801,MS,Flood Advisory,430
2801,MS,Flood Statement,6
2801,MS,Flood Warning,4578
2804,MS,Flood Watch,2
2801,MS,Freeze Warning,120
2801,MS,Freeze Watch,25
2801,MS,Freezing Fog,19
2801,MS,Frost Advisory,6
2801,MS,Heat Advisory,395
2801,MS,Severe Thunderstorm,1361
2801,MS,Severe Weather,1074
2804,MS,Storm Surge,11
2801,MS,Tornado Warning,411
2801,MS,Tornado Watch,218
2803,MS,Tropical Storm,15
2801,MS,Wind Advisory,188
2801,MS,Winter Storm,22
2801,MS,Winter Weather,61
3000,MT,Blizzard Warning,33
3000,MT,Dense Fog,61
3000,MT,Extreme Cold,1
3000,MT,Fire Weather,10
3000,MT,Flash Flood,82
3000,MT,Flood Advisory,163
3000,MT,Flood Statement,2
3000,MT,Flood Warning,150
3000,MT,Flood Watch,77
3000,MT,Freezing Fog,7
3000,MT,High Wind,168
3000,MT,Lake Wind,116
3000,MT,Red Flag,56
3000,MT,Severe Thunderstorm,1020
3000,MT,Severe Weather,676
3000,MT,Snow Squall,2
3000,MT,Tornado Warning,32
3000,MT,Tornado Watch,7
3000,MT,Wind Advisory,84
3000,MT,Wind Chill,239
3000,MT,Winter Storm,347
3000,MT,Winter Weather,678
3700,NC,Beach Hazards,407
3700,NC,Coastal Flood,394
3700,NC,Dense Fog,99
3700,NC,Excessive Heat,178
3700,NC,Flash Flood,706
3700,NC,Flood Advisory,896
3703,NC,Flood Statement,17
3700,NC,Flood Warning,1639
3700,NC,Flood Watch,113
3700,NC,Freeze Warning,81
3700,NC,Freeze Watch,10
3700,NC,Freezing Fog,4
3700,NC,Frost Advisory,41
3700,NC,Heat Advisory,456
3700,NC,High Surf,153
3700,NC,High Wind,108
3700,NC,Hurricane Local,48
3700,NC,Hurricane Warning,95
3700,NC,Hurricane Watch,22
3700,NC,Rip Current,213
3700,NC,Severe Thunderstorm,2667
3700,NC,Severe Weather,1752
3705,NC,Special Weather,10
3700,NC,Storm Surge,131
3700,NC,Tornado Warning,373
3700,NC,Tornado Watch,69
3700,NC,Tropical Storm,243
3700,NC,Wind Advisory,295
3700,NC,Wind Chill,54
3700,NC,Winter Storm,68
3700,NC,Winter Weather,152
3800,ND,Blizzard Warning,113
3800,ND,Dense Fog,187
3800,ND,Fire Weather,7
3800,ND,Flash Flood,15
3800,ND,Flood Advisory,73
3800,ND,Flood Warning,552
3800,ND,Flood Watch,10
3800,ND,Freeze Warning,1
3800,ND,Frost Advisory,18
3800,ND,Heat Advisory,15
3800,ND,High Wind,17
3800,ND,Red Flag,6
3800,ND,Severe Thunderstorm,906
3800,ND,Severe Weather,643
3800,ND,Tornado Warning,57
3800,ND,Tornado Watch,5
3800,ND,Wind Advisory,58
3800,ND,Wind Chill,308
3800,ND,Winter Storm,210
3800,ND,Winter Weather,392
3100,NE,Blizzard Warning,184
3103,NE,Blowing Dust,1
3100,NE,Dense Fog,288
3101,NE,Excessive Heat,134
3103,NE,Fire Weather,5
3100,NE,Flash Flood,492
3100,NE,Flood Advisory,889
3101,NE,Flood Statement,44
3100,NE,Flood Warning,2307
3100,NE,Flood Watch,170
3100,NE,Freeze Warning,94
3100,NE,Freeze Watch,28
3100,NE,Freezing Fog,4
3100,NE,Frost Advisory,118
3100,NE,Heat Advisory,133
3100,NE,High Wind,178
3100,NE,Red Flag,7
3101,NE,Severe Thunderstorm,2429
3101,NE,Severe Weather,1588
3103,NE,Snow Squall,8
3101,NE,Special Weather,2
3101,NE,Tornado Warning,152
3101,NE,Tornado Watch,44
3101,NE,Wind Advisory,131
3100,NE,Wind Chill,396
3100,NE,Winter Storm,439
3100,NE,Winter Weather,1053
3300,NH,Beach Hazards,18
3300,NH,Coastal Flood,46
3300,NH,Dense Fog,50
3300,NH,Excessive Heat,24
3300,NH,Flash Flood,17
3301,NH,Flood Advisory,38
3301,NH,Flood Warning,134
3300,NH,Flood Watch,64
3300,NH,Freeze Warning,16
3300,NH,Frost Advisory,19
3300,NH,Heat Advisory,38
3300,NH,High Surf,23
3300,NH,High Wind,32
3300,NH,Red Flag,3
3300,NH,Rip Current,3
3301,NH,Severe Thunderstorm,101
3301,NH,Severe Weather,55
3301,NH,Snow Squall,28
3301,NH,Tornado Warning,2
3300,NH,Wind Advisory,98
3300,NH,Wind Chill,82
3300,NH,Winter Storm,215
3300,NH,Winter Weather,326
3400,NJ,Coastal Flood,764
3400,NJ,Dense Fog,109
3400,NJ,Excessive Heat,185
3400,NJ,Fire Weather,21
3400,NJ,Flash Flood,1033
3400,NJ,Flood Advisory,1217
3402,NJ,Flood Statement,11
3401,NJ,Flood Warning,1236
3400,NJ,Flood Watch,250
3400,NJ,Freeze Warning,19
3400,NJ,Freeze Watch,4
3400,NJ,Freezing Fog,23
3400,NJ,Frost Advisory,67
3400,NJ,Heat Advisory,162
3400,NJ,High Surf,7
3400,NJ,High Wind,132
3400,NJ,Red Flag,51
3400,NJ,Rip Current,43
3401,NJ,Severe Thunderstorm,2103
3401,NJ,Severe Weather,1208
3401,NJ,Snow Squall,52
3400,NJ,Special Weather,22
3401,NJ,Tornado Warning,80
3401,NJ,Tornado Watch,80
3400,NJ,Wind Advisory,301
3400,NJ,Wind Chill,128
3400,NJ,Winter Storm,263
3400,NJ,Winter Weather,483
3500,NM,Blizzard Warning,6
3500,NM,Blowing Dust,5
3500,NM,Dense Fog,35
3502,NM,Dust Advisory,22
3502,NM,Dust Storm,7
3500,NM,Excessive Heat,5
3500,NM,Fire Weather,67
3500,NM,Flash Flood,165
3501,NM,Flood Advisory,629
3501,NM,Flood Statement,25
3502,NM,Flood Warning,10
3500,NM,Flood Watch,6
3500,NM,Freeze Warning,18
3500,NM,Freeze Watch,2
3500,NM,Freezing Fog,29
3500,NM,Hard Freeze,8
3500,NM,Heat Advisory,38
3500,NM,High Wind,265
3500,NM,Red Flag,91
3501,NM,Severe Thunderstorm,958
3501,NM,Severe Weather,633
3501,NM,Tornado Warning,85
3502,NM,Tornado Watch,11
3500,NM,Wind Advisory,264
3500,NM,Winter Storm,151
3500,NM,Winter Weather,187
3200,NV,Blizzard Warning,11
3200,NV,Blowing Dust,3
3200,NV,Dense Fog,6
3200,NV,Dense Smoke,4
3202,NV,Dust Advisory,4
3201,NV,Dust Storm,21
3200,NV,Excessive Heat,62
3200,NV,Fire Weather,36
3200,NV,Flash Flood,64
3201,NV,Flood Advisory,267
3201,NV,Flood Warning,124
3200,NV,Flood Watch,7
3200,NV,Freeze Warning,26
3200,NV,Freeze Watch,3
3200,NV,Freezing Fog,13
3200,NV,Frost Advisory,15
3200,NV,Hard Freeze,8
3200,NV,Heat Advisory,14
3200,NV,High Wind,50
3200,NV,Ice Storm,1
3200,NV,Lake Wind,167
3200,NV,Red Flag,93
3201,NV,Severe Thunderstorm,87
3201,NV,Severe Weather,57
3202,NV,Snow Squall,10
3200,NV,Wind Advisory,202
3200,NV,Wind Chill,6
3200,NV,Winter Storm,176
3200,NV,Winter Weather,264
3600,NY,Beach Hazards,184
3600,NY,Blizzard Warning,59
3600,NY,Coastal Flood,276
3600,NY,Dense Fog,109
3600,NY,Excessive Heat,236
3600,NY,Fire Weather,14
3600,NY,Flash Flood,625
3600,NY,Flood Advisory,925
3601,NY,Flood Statement,24
3602,NY,Flood Warning,415
3600,NY,Flood Watch,287
3600,NY,Freeze Warning,76
3600,NY,Freeze Watch,18
3600,NY,Freezing Fog,3
3600,NY,Frost Advisory,133
3600,NY,Heat Advisory,198
3600,NY,High Surf,14
3600,NY,High Wind,415
3600,NY,Lakeshore Flood,616
3600,NY,Red Flag,47
3600,NY,Rip Current,56
3601,NY,Severe Thunderstorm,2460
3601,NY,Severe Weather,1313
3601,NY,Snow Squall,233
3618,NY,Special Weather,1
3601,NY,Tornado Warning,57
3602,NY,Tornado Watch,44
3600,NY,Wind Advisory,701
3600,NY,Wind Chill,599
3600,NY,Winter Storm,1309
3600,NY,Winter Weather,2320
3900,OH,Beach Hazards,464
3904,OH,Coastal Flood,18
3900,OH,Dense Fog,397
3900,OH,Excessive Heat,363
3900,OH,Flash Flood,1018
3901,OH,Flood Advisory,1017
3905,OH,Flood Statement,9
3901,OH,Flood Warning,2443
3900,OH,Flood Watch,563
3900,OH,Freeze Warning,92
3906,OH,Freeze Watch,8
3904,OH,Freezing Fog,10
3900,OH,Frost Advisory,133
3900,OH,Heat Advisory,65
3900,OH,High Wind,297
3901,OH,Ice Storm,29
3904,OH,Lakeshore Flood,199
3901,OH,Severe Thunderstorm,3144
3901,OH,Severe Weather,2185
3901,OH,Snow Squall,24
3902,OH,Special Weather,3
3901,OH,Tornado Warning,317
3901,OH,Tornado Watch,109
3900,OH,Wind Advisory,773
3900,OH,Wind Chill,668
3900,OH,Winter Storm,400
3900,OH,Winter Weather,1337
4003,OK,Blizzard Warning,2
4001,OK,Dense Fog,193
4001,OK,Excessive Heat,151
4003,OK,Fire Weather,15
4001,OK,Flash Flood,786
4001,OK,Flood Advisory,823
4001,OK,Flood Statement,30
4001,OK,Flood Warning,3560
4001,OK,Flood Watch,195
4001,OK,Freeze Warning,66
4001,OK,Freeze Watch,25
4002,OK,Freezing Fog,16
4001,OK,Frost Advisory,38
4003,OK,Hard Freeze,6
4001,OK,Heat Advisory,496
4001,OK,High Wind,102
4001,OK,Ice Storm,4
4002,OK,Lake Wind,77
4003,OK,Red Flag,16
4001,OK,Severe Thunderstorm,3638
4001,OK,Severe Weather,2294
4001,OK,Tornado Warning,503
4001,OK,Tornado Watch,210
4001,OK,Wind Advisory,262
4001,OK,Wind Chill,58
4002,OK,Winter Storm,42
4001,OK,Winter Weather,341
4100,OR,Air Stagnation,108
4100,OR,Beach Hazards,44
4100,OR,Coastal Flood,15
4100,OR,Dense Fog,69
4100,OR,Excessive Heat,17
4100,OR,Fire Weather,46
4100,OR,Flash Flood,31
4101,OR,Flood Advisory,69
4102,OR,Flood Statement,1
4101,OR,Flood Warning,290
4100,OR,Flood Watch,85
4100,OR,Freeze Warning,55
4100,OR,Freeze Watch,20
4100,OR,Freezing Fog,40
4100,OR,Frost Advisory,67
4100,OR,Heat Advisory,28
4100,OR,High Surf,85
4100,OR,High Wind,125
4100,OR,Red Flag,131
4102,OR,Severe Thunderstorm,104
4102,OR,Severe Weather,68
4101,OR,Tornado Warning,3
4100,OR,Wind Advisory,230
4100,OR,Winter Storm,232
4100,OR,Winter Weather,449
4200,PA,Beach Hazards,56
4200,PA,Coastal Flood,332
4200,PA,Dense Fog,256
4200,PA,Excessive Heat,376
4200,PA,Fire Weather,47
4200,PA,Flash Flood,2331
4201,PA,Flood Advisory,1697
4203,PA,Flood Statement,14
4201,PA,Flood Warning,711
4200,PA,Flood Watch,523
4200,PA,Freeze Warning,48
4200,PA,Freeze Watch,8
4200,PA,Frost Advisory,222
4200,PA,Heat Advisory,274
4200,PA,High Wind,381
4200,PA,Red Flag,92
4201,PA,Severe Thunderstorm,4493
4201,PA,Severe Weather,2528
4201,PA,Snow Squall,115
4200,PA,Special Weather,18
4201,PA,Tornado Warning,265
4201,PA,Tornado Watch,214
4200,PA,Wind Advisory,431
4200,PA,Wind Chill,572
4200,PA,Winter Storm,1229
4200,PA,Winter Weather,1917
7200,PR,Coastal Flood,15
7200,PR,Flash Flood,82
7200,PR,Flood Advisory,518
7200,PR,Flood Statement,7
7200,PR,Flood Warning,42
7200,PR,Heat Advisory,3
7200,PR,High Surf,40
7200,PR,Hurricane Warning,4
7200,PR,Hurricane Watch,17
7200,PR,Red Flag,13
7200,PR,Rip Current,392
7200,PR,Tropical Storm,22
7200,PR,Wind Advisory,13
4400,RI,Coastal Flood,74
4400,RI,Dense Fog,105
4400,RI,Excessive Heat,36
4400,RI,Fire Weather,6
4400,RI,Flash Flood,73
4401,RI,Flood Advisory,7
4401,RI,Flood Warning,137
4400,RI,Flood Watch,48
4400,RI,Freeze Warning,8
4400,RI,Freeze Watch,3
4400,RI,Frost Advisory,14
4400,RI,Heat Advisory,29
4400,RI,High Surf,39
4400,RI,High Wind,96
4400,RI,Red Flag,9
4400,RI,Rip Current,19
4401,RI,Severe Thunderstorm,103
4401,RI,Severe Weather,52
4401,RI,Snow Squall,9
4400,RI,Special Weather,3
4401,RI,Tornado Warning,4
4400,RI,Wind Advisory,173
4400,RI,Wind Chill,37
4400,RI,Winter Storm,65
4400,RI,Winter Weather,150
4500,SC,Beach Hazards,112
4500,SC,Coastal Flood,363
4500,SC,Dense Fog,108
4500,SC,Dense Smoke,1
4500,SC,Excessive Heat,3
4500,SC,Flash Flood,182
4500,SC,Flood Advisory,515
4501,SC,Flood Statement,15
4500,SC,Flood Warning,1081
4500,SC,Flood Watch,39
4500,SC,Freeze Warning,43
4500,SC,Freeze Watch,14
4500,SC,Freezing Fog,2
4500,SC,Frost Advisory,39
4500,SC,Heat Advisory,134
4500,SC,High Surf,71
4500,SC,Hurricane Local,15
4500,SC,Hurricane Warning,84
4500,SC,Hurricane Watch,25
4500,SC,Lake Wind,148
4500,SC,Red Flag,24
4500,SC,Rip Current,214
4500,SC,Severe Thunderstorm,1348
4500,SC,Severe Weather,837
4500,SC,Storm Surge,93
4500,SC,Tornado Warning,91
4500,SC,Tornado Watch,20
4500,SC,Tropical Storm,176
4500,SC,Wind Advisory,46
4500,SC,Winter Storm,7
4500,SC,Winter Weather,37
4600,SD,Blizzard Warning,129
4600,SD,Dense Fog,159
4600,SD,Excessive Heat,19
4600,SD,Flash Flood,144
4600,SD,Flood Advisory,106
4600,SD,Flood Statement,23
4600,SD,Flood Warning,1539
4600,SD,Flood Watch,48
4600,SD,Freeze Warning,10
4600,SD,Freeze Watch,1
4600,SD,Frost Advisory,17
4600,SD,Heat Advisory,64
4600,SD,High Wind,33
4600,SD,Red Flag,3
4600,SD,Severe Thunderstorm,1511
4600,SD,Severe Weather,1045
4600,SD,Tornado Warning,95
4600,SD,Tornado Watch,19
4600,SD,Wind Advisory,110
4600,SD,Wind Chill,245
4600,SD,Winter Storm,267
4600,SD,Winter Weather,488
4700,TN,Dense Fog,222
4704,TN,Excessive Heat,49
4700,TN,Flash Flood,580
4700,TN,Flood Advisory,1852
4701,TN,Flood Statement,9
4700,TN,Flood Warning,1792
4700,TN,Flood Watch,105
4700,TN,Freeze Warning,127
4700,TN,Freeze Watch,34
4700,TN,Freezing Fog,40
4700,TN,Frost Advisory,72
4700,TN,Heat Advisory,205
4700,TN,High Wind,109
4700,TN,Severe Thunderstorm,1101
4700,TN,Severe Weather,602
4700,TN,Tornado Warning,85
4704,TN,Tornado Watch,96
4700,TN,Wind Advisory,492
4700,TN,Wind Chill,52
4700,TN,Winter Storm,13
4700,TN,Winter Weather,130
4800,TX,Beach Hazards,47
4800,TX,Blowing Dust,11
4800,TX,Coastal Flood,297
4800,TX,Dense Fog,1907
4811,TX,Dust Advisory,21
4811,TX,Dust Storm,18
4800,TX,Excessive Heat,137
4800,TX,Fire Weather,213
4800,TX,Flash Flood,2048
4800,TX,Flood Advisory,2541
4801,TX,Flood Statement,48
4800,TX,Flood Warning,11456
4800,TX,Flood Watch,110
4800,TX,Freeze Warning,473
4800,TX,Freeze Watch,90
4800,TX,Freezing Fog,45
4813,TX,Frost Advisory,8
4800,TX,Hard Freeze,26
4800,TX,Heat Advisory,2503
4800,TX,High Surf,6
4800,TX,High Wind,465
4800,TX,Lake Wind,295
4800,TX,Red Flag,358
4800,TX,Rip Current,190
4801,TX,Severe Thunderstorm,9694
4801,TX,Severe Weather,5930
4800,TX,Special Weather,15
4801,TX,Tornado Warning,1100
4801,TX,Tornado Watch,538
4800,TX,Tropical Storm,2
4800,TX,Wind Advisory,1634
4800,TX,Wind Chill,88
4800,TX,Winter Storm,67
4800,TX,Winter Weather,337
4900,UT,Dense Fog,17
4900,UT,Fire Weather,66
4900,UT,Flash Flood,47
4901,UT,Flood Advisory,83
4901,UT,Flood Warning,31
4900,UT,Flood Watch,13
4900,UT,Freeze Warning,32
4900,UT,Freeze Watch,12
4900,UT,Hard Freeze,28
4900,UT,Heat Advisory,7
4900,UT,High Wind,41
4900,UT,Red Flag,168
4901,UT,Severe Thunderstorm,178
4901,UT,Severe Weather,122
4900,UT,Special Weather,1
4900,UT,Wind Advisory,96
4900,UT,Winter Storm,167
4900,UT,Winter Weather,290
5100,VA,Beach Hazards,274
5100,VA,Coastal Flood,604
5100,VA,Dense Fog,61
5100,VA,Excessive Heat,219
5100,VA,Flash Flood,539
5100,VA,Flood Advisory,680
5100,VA,Flood Statement,13
5100,VA,Flood Warning,840
5100,VA,Flood Watch,183
5100,VA,Freeze Warning,50
5100,VA,Freeze Watch,5
5100,VA,Freezing Fog,5
5100,VA,Frost Advisory,39
5100,VA,Heat Advisory,207
5100,VA,High Surf,80
5100,VA,High Wind,77
5100,VA,Red Flag,3
5100,VA,Rip Current,265
5100,VA,Severe Thunderstorm,4012
5100,VA,Severe Weather,2518
5100,VA,Snow Squall,1
5100,VA,Special Weather,1
5100,VA,Storm Surge,85
5100,VA,Tornado Warning,207
5100,VA,Tornado Watch,47
5100,VA,Tropical Storm,93
5100,VA,Wind Advisory,277
5100,VA,Wind Chill,86
5100,VA,Winter Storm,131
5100,VA,Winter Weather,329
7800,VI,Coastal Flood,5
7800,VI,Flash Flood,46
7800,VI,Flood Advisory,19
7800,VI,Flood Warning,1
7800,VI,High Surf,28
7800,VI,Hurricane Warning,4
7800,VI,Hurricane Watch,3
7800,VI,Rip Current,267
7800,VI,Tropical Storm,7
7800,VI,Wind Advisory,13
5000,VT,Dense Fog,4
5000,VT,Flash Flood,20
5000,VT,Flood Advisory,12
5000,VT,Flood Statement,2
5000,VT,Flood Warning,207
5000,VT,Flood Watch,49
5000,VT,Freeze Warning,8
5000,VT,Freeze Watch,2
5000,VT,Frost Advisory,17
5000,VT,Heat Advisory,19
5000,VT,High Wind,12
5000,VT,Severe Thunderstorm,113
5000,VT,Severe Weather,63
5000,VT,Snow Squall,24
5000,VT,Wind Advisory,80
5000,VT,Wind Chill,46
5000,VT,Winter Storm,98
5000,VT,Winter Weather,210
5300,WA,Air Stagnation,86
5300,WA,Blizzard Warning,7
5300,WA,Coastal Flood,55
5300,WA,Dense Fog,70
5300,WA,Fire Weather,41
5300,WA,Flash Flood,56
5301,WA,Flood Advisory,150
5301,WA,Flood Warning,270
5300,WA,Flood Watch,116
5300,WA,Freeze Warning,27
5300,WA,Freezing Fog,5
5300,WA,Frost Advisory,5
5300,WA,Heat Advisory,23
5300,WA,High Surf,42
5300,WA,High Wind,79
5300,WA,Red Flag,83
5301,WA,Severe Thunderstorm,60
5301,WA,Severe Weather,42
5300,WA,Special Weather,1
5303,WA,Tornado Warning,2
5300,WA,Wind Advisory,120
5300,WA,Wind Chill,18
5300,WA,Winter Storm,287
5300,WA,Winter Weather,490
5501,WI,Beach Hazards,240
5501,WI,Blizzard Warning,61
5507,WI,Civil Emergency,1
5500,WI,Dense Fog,487
5500,WI,Excessive Heat,65
5500,WI,Flash Flood,373
5501,WI,Flood Advisory,191
5501,WI,Flood Statement,43
5500,WI,Flood Warning,3045
5500,WI,Flood Watch,262
5500,WI,Freeze Warning,85
5500,WI,Freeze Watch,18
5500,WI,Frost Advisory,76
5500,WI,Heat Advisory,102
5500,WI,High Wind,64
5503,WI,Hydrologic Outlook,8
5500,WI,Ice Storm,18
5500,WI,Lakeshore Flood,77
5501,WI,Severe Thunderstorm,1279
5501,WI,Severe Weather,779
5503,WI,Special Weather,3
5501,WI,Tornado Warning,75
5502,WI,Tornado Watch,38
5500,WI,Wind Advisory,105
5500,WI,Wind Chill,836
5500,WI,Winter Storm,1261
5500,WI,Winter Weather,1949
5400,WV,Dense Fog,44
5400,WV,Excessive Heat,70
5400,WV,Flash Flood,506
5401,WV,Flood Advisory,58
5401,WV,Flood Statement,3
5401,WV,Flood Warning,437
5400,WV,Flood Watch,361
5400,WV,Freeze Warning,55
5400,WV,Freeze Watch,13
5403,WV,Freezing Fog,3
5400,WV,Frost Advisory,59
5400,WV,Heat Advisory,88
5400,WV,High Wind,110
5400,WV,Red Flag,6
5401,WV,Severe Thunderstorm,1041
5401,WV,Severe Weather,642
5401,WV,Snow Squall,20
5400,WV,Special Weather,10
5401,WV,Tornado Warning,31
5401,WV,Tornado Watch,29
5400,WV,Wind Advisory,410
5400,WV,Wind Chill,258
5400,WV,Winter Storm,413
5400,WV,Winter Weather,898
5600,WY,Blizzard Warning,29
5600,WY,Dense Fog,60
5600,WY,Fire Weather,84
5600,WY,Flash Flood,90
5600,WY,Flood Advisory,120
5600,WY,Flood Statement,9
5600,WY,Flood Warning,95
5600,WY,Flood Watch,46
5600,WY,Freeze Warning,21
5600,WY,Freeze Watch,10
5600,WY,Freezing Fog,2
5600,WY,Frost Advisory,8
5600,WY,High Wind,291
5600,WY,Red Flag,181
5600,WY,Severe Thunderstorm,1286
5600,WY,Severe Weather,899
5600,WY,Snow Squall,36
5600,WY,Special Weather,1
5600,WY,Tornado Warning,94
5600,WY,Tornado Watch,12
5600,WY,Wind Chill,109
5600,WY,Winter Storm,419
5600,WY,Winter Weather,564
